{
    "metrics_by_type": {
        "macro_precision": 0.925382229528568,
        "macro_recall": 0.9289501216598962,
        "macro_f1": 0.9265319539261763,
        "Tipo_1": {
            "precision": 1.0,
            "recall": 0.9444444444444444,
            "f1_score": 0.9714285714285714
        },
        "Tipo_2": {
            "precision": 0.8723404255319149,
            "recall": 0.9534883720930233,
            "f1_score": 0.9111111111111111
        },
        "Tipo_3": {
            "precision": 0.9041095890410958,
            "recall": 0.868421052631579,
            "f1_score": 0.8859060402684564
        },
        "Tipo_4": {
            "precision": 0.8939393939393939,
            "recall": 0.921875,
            "f1_score": 0.9076923076923077
        },
        "Tipo_5": {
            "precision": 0.9565217391304348,
            "recall": 0.9565217391304348,
            "f1_score": 0.9565217391304348
        }
    },
    "metrics_exportable": {
        "accuracy": 0.954248366013072,
        "f1_score": 0.9593023255813954
    },
    "avg_confidence": {
        "Tipo_1": 0.9391441345214844,
        "Tipo_2": 0.9394340515136719,
        "Tipo_3": 0.9517250657081604,
        "Tipo_4": 0.9442152976989746,
        "Tipo_5": 0.9901055693626404
    }
}